<component name="ProjectRunConfigurationManager">
  <configuration default="false" name="B2. time-filter" type="Application" factoryName="Application" folderName="AppSQL">
    <option name="MAIN_CLASS_NAME" value="edu.ucr.cs.cs167.<UCRNetID>.AppSQL" />
    <module name="<UCRNetID>_lab6" />
    <option name="PROGRAM_PARAMETERS" value="time-filter nasa_19950801.tsv 807274014 807283738" />
    
    <method v="2">
      <option name="Make" enabled="true" />
    </method>
  </configuration>
</component>