<component name="ProjectRunConfigurationManager">
  <configuration default="false" name="B7. top-host" type="Application" factoryName="Application" folderName="AppSQL">
    <option name="MAIN_CLASS_NAME" value="edu.ucr.cs.cs167.<UCRNetID>.AppSQL" />
    <module name="<UCRNetID>_lab6" />
    <option name="PROGRAM_PARAMETERS" value="top-host nasa_19950801.tsv" />
    <option name="VM_PARAMETERS" value="--add-opens java.base/java.nio=ALL-UNNAMED --add-opens java.base/java.util=ALL-UNNAMED --add-opens java.base/java.lang=ALL-UNNAMED --add-opens java.base/sun.nio.ch=ALL-UNNAMED --add-opens java.base/java.lang.invoke=ALL-UNNAMED" />
    <method v="2">
      <option name="Make" enabled="true" />
    </method>
  </configuration>
</component>