<component name="ProjectRunConfigurationManager">
  <configuration default="false" name="A3. avg-bytes-by-code" type="Application" factoryName="Application" folderName="App">
    <option name="MAIN_CLASS_NAME" value="edu.ucr.cs.cs167.<UCRNetID>.App" />
    <module name="<UCRNetID>_lab6" />
    <option name="PROGRAM_PARAMETERS" value="avg-bytes-by-code nasa_19950801.tsv" />
    <option name="VM_PARAMETERS" value="--add-opens java.base/java.nio=ALL-UNNAMED --add-opens java.base/java.util=ALL-UNNAMED --add-opens java.base/java.lang=ALL-UNNAMED --add-opens java.base/sun.nio.ch=ALL-UNNAMED --add-opens java.base/java.lang.invoke=ALL-UNNAMED" />
    <method v="2">
      <option name="Make" enabled="true" />
    </method>
  </configuration>
</component>